transaction_id,name,place,transaction_amount,transaction_time,is_fraud
1,David,New York,553.3253688880515,14.229126498747782,1
2,Alice,Houston,718.0374727086953,0.24152869574623992,1
3,Bob,New York,606.7357423109274,11.419828700573346,1
4,Bob,Phoenix,549.4343511669279,17.010489382585167,1
5,David,Houston,429.41825134551567,1.0554103685781744,1
6,David,Phoenix,649.4351719359895,21.108515592569525,0
7,Alice,New York,443.2113391500656,12.481953999256154,1
8,Alice,Houston,892.855270774259,0.7358651598172301,0
9,Bob,New York,964.026132896019,5.385926686100165,0
10,Bob,New York,389.6071036375199,22.888216714255513,0
11,Eve,Phoenix,793.8077877018379,13.975673593249327,0
12,Alice,New York,533.6059705553754,2.579341626451309,0
13,Charlie,Los Angeles,572.364115482993,6.901068054733476,1
14,Eve,Chicago,926.3406719097344,10.96088702065162,0
15,Alice,Houston,80.32569761590807,0.5028016624255311,0
16,Charlie,Phoenix,96.2580067045253,9.87877232673021,1
17,Charlie,Chicago,30.016213465922462,11.747007250432755,0
18,David,Phoenix,834.2936470924586,5.848269006749573,1
19,David,Los Angeles,780.375183440352,14.127336007007678,1
20,Charlie,Chicago,871.312026764351,18.077762870212243,1
21,Charlie,Houston,978.8321588104363,5.660021378535252,1
22,Eve,New York,801.1669785745563,14.891997606719706,0
23,Charlie,New York,466.8645686304025,15.350933831129797,0
24,David,Chicago,782.7238845235909,22.764967227092185,0
25,David,Phoenix,127.09168161024388,18.67862801511465,1
26,David,Houston,643.5218111142486,20.360286474960144,0
27,Bob,New York,151.91975453495593,11.770077802470603,1
28,Eve,Chicago,945.222227879088,4.448366087505188,0
29,Eve,Chicago,526.629838532571,23.89956703103124,0
30,Eve,Los Angeles,420.51532059061833,3.1045382649287907,0
31,Bob,Houston,271.9100559835807,11.31497566450237,1
32,Eve,Houston,776.4913525398745,1.6342343818105585,0
33,Bob,Phoenix,461.5888288943831,22.65242057641967,0
34,Bob,Phoenix,572.7496093799621,23.15819858036255,0
35,Charlie,Chicago,28.60190243199159,17.265337488095366,1
36,Bob,Los Angeles,621.4591421051183,8.399828247124054,0
37,Alice,Chicago,615.9747654951972,6.105177626822984,0
38,Alice,Phoenix,620.7646569060093,6.367279788889138,1
39,Eve,New York,944.3105977294779,3.0550566100817935,0
40,Alice,Los Angeles,685.0020961124486,12.61941487384135,1
41,Charlie,Houston,365.9128215680482,3.40361461683546,1
42,Alice,New York,442.661634261348,7.601535997282951,1
43,Bob,New York,700.6548839679922,15.040955423018517,0
44,Alice,Houston,69.62321691297714,17.461046630177997,1
45,David,Chicago,670.099048291211,0.5825449109294691,1
46,Charlie,Los Angeles,673.9314909219778,10.322783625041758,1
47,Eve,New York,218.2787354631025,15.650990276211337,1
48,David,Chicago,137.63703467830476,20.477903427804307,1
49,Charlie,Houston,322.274067414942,11.407794773089979,0
50,Charlie,Chicago,370.0736632331964,23.260940921224446,1
51,Charlie,New York,574.4948027137009,6.3751811409947345,0
52,Alice,Los Angeles,444.21549832769716,0.32420895904125313,1
53,Alice,Los Angeles,988.4900996786339,11.610068752841668,1
54,David,Houston,111.02436264054779,6.146731080480431,1
55,David,Chicago,216.78798853388633,19.769224128556065,1
56,Bob,Phoenix,169.6964227061463,5.58654413234669,1
57,Bob,Los Angeles,656.5772422107444,7.455101238991351,1
58,Bob,Phoenix,260.7586865143843,18.989458344458697,1
59,Charlie,Chicago,471.6476651277432,17.16343804860864,0
60,Eve,Chicago,251.9813360815867,13.3932296797743,0
61,Bob,Phoenix,167.3798878090645,16.91875348614623,0
62,David,Houston,119.27138975266209,10.047284725680637,1
63,Eve,Phoenix,659.7662935706206,0.12744114275202723,1
64,Bob,New York,146.80112183512767,0.2725230842926214,1
65,Alice,Phoenix,204.61653806325296,12.26932290176848,1
66,Bob,Phoenix,375.03791895435444,1.9989835132559817,1
67,Bob,Houston,822.7832975494557,1.2258115240621628,1
68,Charlie,New York,106.13026303513065,23.17239933929936,0
69,Charlie,Chicago,839.5654584238158,20.616063351793407,1
70,Bob,New York,105.13742381502344,3.6486534530296684,0
71,Charlie,Phoenix,976.6948703632618,0.015941246164907774,0
72,Alice,Chicago,473.9646896312246,22.600027089354153,0
73,Eve,Houston,976.9934773084337,6.679807159682744,1
74,Eve,Chicago,608.7970645475955,4.46154246853194,1
75,Charlie,Houston,741.8709436043187,16.596194587956845,1
76,Bob,Phoenix,48.79591433177747,2.613689732191829,0
77,Alice,New York,289.9788929506455,6.351590352067207,0
78,Alice,New York,128.99459560103722,23.402272325089115,1
79,David,New York,303.1787955469235,15.347106587376246,1
80,Charlie,New York,127.54044176470161,12.496266995581285,0
81,David,New York,324.80334760003626,9.550046756038505,0
82,Charlie,Los Angeles,420.12036456952325,18.588022917220847,0
83,David,Phoenix,73.50602138529652,3.3829794365686494,0
84,Bob,New York,695.5473981763197,23.21610724888757,0
85,Charlie,New York,570.9354396645094,20.66695219357888,0
86,Eve,Houston,272.73559603005094,14.823767581661839,1
87,Charlie,Phoenix,528.0155729320327,1.029748569661396,0
88,Eve,Houston,103.00110565085726,16.820535586745706,0
89,David,New York,580.1870306006175,21.91882418125154,1
90,David,Phoenix,930.003235600452,12.589849619487023,0
91,Bob,Phoenix,325.3832629268104,8.501395723854307,1
92,Eve,Phoenix,670.7362761640449,2.886656279507271,0
93,Bob,Chicago,140.47988378034825,18.11762649930164,1
94,Alice,Los Angeles,719.1639320773799,21.24052442908335,0
95,Eve,Los Angeles,296.5120320177291,2.406041857820366,0
96,Charlie,New York,191.35944838704566,18.21562931405621,0
97,Eve,Los Angeles,590.6478054619823,0.40945167021834017,0
98,David,Phoenix,29.906470725618618,23.20931803385327,1
99,Bob,Chicago,830.6506289251895,14.761392495242308,1
100,Alice,Los Angeles,14.648521430621596,13.258537415799196,1
101,Bob,Los Angeles,681.0383714282679,7.102796006134267,1
102,Alice,Chicago,277.3078934602432,22.303000117674802,1
103,David,Houston,737.8420819013689,6.381735056082984,1
104,Bob,New York,962.5666596662638,19.875518717200677,0
105,Charlie,Phoenix,256.26561208475846,23.64260830409117,0
106,Charlie,Chicago,580.3957610736585,18.80151949235534,0
107,Bob,Houston,596.1215119591207,12.455758089274362,0
108,Bob,New York,576.5293867329647,1.5857823324401261,0
109,Alice,Houston,230.85081631421212,11.337930940105753,1
110,Bob,New York,953.2215214018152,10.518142727320885,0
111,Alice,Los Angeles,452.6541248314511,4.867104988487886,0
112,Bob,Chicago,847.9445857464166,10.166103281143307,0
113,Bob,New York,702.4844825643293,8.58618921792813,1
114,Eve,Chicago,304.46258134658234,3.9284222676395633,1
115,Alice,Chicago,815.6598415054525,10.592979439979668,1
116,David,Houston,402.5406834385148,6.307198951787737,1
117,Charlie,Phoenix,882.29216514005,12.529498096374345,0
118,Alice,Houston,585.4601439095001,0.8438414331886603,1
119,Bob,Houston,882.9180082363042,21.74955407489482,0
120,Charlie,Phoenix,695.6062741769882,19.592743332476545,1
121,Bob,Phoenix,728.0017370214441,13.26195198025211,1
122,David,Houston,506.3111381074352,20.443405986173836,0
123,Alice,Chicago,956.5227983759917,23.09748177145921,1
124,Alice,Los Angeles,647.550297237341,2.6525350572638535,0
125,Bob,Phoenix,429.6164980725979,15.139963401835292,0
126,Bob,Los Angeles,610.3292819866451,23.951856022455807,1
127,Alice,Chicago,29.00126632624019,23.70934006400463,0
128,Bob,Phoenix,308.55906850780383,14.47975181497787,0
129,Alice,New York,663.5718021177582,3.0725008908196,0
130,Eve,New York,297.17683113833965,13.996627943772676,1
131,David,Houston,621.8352747088531,0.04955125378612113,1
132,Alice,Los Angeles,434.4810139363085,4.773872032004631,1
133,David,New York,144.11932358022574,22.94695582943904,1
134,David,Houston,305.2995026964705,7.930573742468253,1
135,Eve,Houston,574.2652615942523,15.321362538646765,0
136,Alice,Houston,594.9640336356915,6.740627871173825,0
137,Bob,Chicago,578.581996361083,22.747725290678147,0
138,Bob,Los Angeles,656.6688116585623,17.485409518787684,0
139,Alice,Phoenix,655.582237301672,7.911627781953903,0
140,Alice,Houston,437.1042510796342,19.0022741083289,0
141,David,Phoenix,897.5811298925523,2.5959725874321036,1
142,David,New York,373.88625134741756,9.415654561571026,1
143,Charlie,Chicago,441.50627601297055,5.309235065558216,0
144,David,Phoenix,893.0041214655154,16.40943473462511,1
145,Alice,Houston,808.1320491556249,2.458710762526329,1
146,Charlie,Chicago,706.8496977049626,9.528619974784178,0
147,David,Houston,109.2246184391781,6.63959352502055,1
148,Bob,Chicago,920.2877876072268,12.152230063771299,1
149,David,Phoenix,717.0988865536203,8.397544332093094,1
150,David,Phoenix,998.8585365021878,16.953853864008263,1
151,David,New York,157.95382161141382,0.5898485833671856,0
152,David,Los Angeles,869.4447967945321,15.21568611134178,0
153,Eve,Houston,170.86800532961107,5.53371095265168,0
154,Alice,Houston,619.4039686410057,6.449016690164384,1
155,Charlie,New York,132.5817830209471,19.206134486004565,1
156,Alice,Chicago,849.5281470290121,22.9336414555301,0
157,David,Chicago,809.2457691377606,7.597205040650079,0
158,Bob,Phoenix,573.4097312284474,19.843326488857816,0
159,Charlie,Phoenix,413.11146425373965,2.4957801113095943,0
160,Alice,Houston,78.47532550058666,15.215559672177196,1
161,Bob,Los Angeles,700.454485413118,18.02477518883805,0
162,David,Houston,459.00725585128816,3.743470272826957,1
163,Bob,Chicago,724.8350434756444,10.224057304069454,0
164,Alice,Los Angeles,867.7185026693429,21.424971941975556,0
165,Charlie,Los Angeles,975.7662899528569,2.4858831227609324,1
166,Alice,New York,857.2453089686849,0.4343125968354036,1
167,Bob,Phoenix,21.596943343151953,14.174049097150409,0
168,Bob,Los Angeles,366.37828383358027,10.452756972742403,0
169,Alice,Houston,732.6906567998175,19.168541973213664,1
170,Alice,Chicago,179.9133804888261,22.16293291689856,1
171,Alice,Phoenix,525.826240142088,7.179687469051586,0
172,Bob,Houston,63.794608455861095,9.321698812058527,1
173,Eve,Chicago,207.99655964743607,11.670530071903556,0
174,Alice,Houston,28.33657651600783,14.115635050447183,1
175,David,Houston,795.7607263238464,23.612491912358802,0
176,Bob,Phoenix,231.68544117977632,16.735926019921237,0
177,Eve,Chicago,351.89816388993364,9.349164176293652,1
178,Charlie,Houston,928.8004805309349,6.330424474811091,0
179,Eve,Los Angeles,707.3702579042974,22.67101724213098,1
180,Charlie,Phoenix,41.52054023599477,3.2531623946041535,0
181,Eve,New York,173.04721493293363,17.286380460114195,0
182,Bob,Los Angeles,625.2636174847659,22.209480607018577,0
183,David,Chicago,581.4563027181259,15.951974076826527,0
184,Bob,Los Angeles,245.51389316076353,10.153306563986908,0
185,Eve,Houston,934.8718579455458,4.775782558211616,0
186,Eve,New York,617.826296406237,8.819407734046255,0
187,Charlie,Phoenix,540.2764749947087,16.96492342608293,0
188,Alice,New York,594.0108765910253,15.588821380207124,0
189,Bob,Los Angeles,732.820809221602,22.27142799836059,0
190,Charlie,New York,318.8255455248058,20.804661927825,1
191,Eve,Chicago,404.238851593931,19.58761805439284,1
192,Eve,Houston,217.74531148537093,21.874821008418294,0
193,Alice,Houston,194.3310758215328,6.6320916656891855,0
194,Bob,Chicago,944.9286660840943,8.868564963351588,1
195,Eve,Houston,742.1552870987947,9.117453690864417,0
196,David,Phoenix,495.5542205313914,13.450814129034725,0
197,Alice,Houston,235.14048169359,16.037237509026504,0
198,Alice,Houston,261.812916952689,6.881200392969464,0
199,Charlie,Los Angeles,67.44886872063685,0.4670992154232083,0
200,Charlie,New York,440.0724593025396,9.581337207789822,0
201,Charlie,Houston,318.67792317416155,7.404671029305612,1
202,Eve,Los Angeles,699.3800539273049,22.61243325643315,1
203,Alice,Chicago,383.9743208995561,21.318360973057047,1
204,Bob,Phoenix,187.80764078403845,20.647456280242068,0
205,David,Chicago,34.43194110741791,15.671994262685832,0
206,Eve,Phoenix,76.5771351486161,8.262939952774534,0
207,Eve,Los Angeles,682.5988457635816,13.172382417583314,0
208,Bob,Chicago,459.15987611048484,19.565400977192944,0
209,Eve,Los Angeles,541.213418997635,2.366648849347465,0
210,Bob,Phoenix,897.7045801099387,19.22579712612731,1
211,Bob,Houston,990.4355579227373,0.9883149918749199,1
212,Alice,Los Angeles,224.7280145544892,19.594104749144538,1
213,Eve,New York,666.4474210690997,19.381531299836965,0
214,Eve,Houston,270.6891529697791,1.2241754118901396,1
215,David,Houston,30.444489471071392,15.051857075084598,1
216,Bob,New York,760.79486729778,12.058873783509533,1
217,David,Chicago,326.81697931424316,4.075668076121152,1
218,David,New York,389.629255230179,3.5610945042570155,1
219,David,Houston,592.4339424180697,18.558219025608558,1
220,Charlie,Chicago,832.7379706838285,13.624625972084257,0
221,Alice,Chicago,632.6920251552373,23.591979237996778,0
222,Bob,Phoenix,873.9241488929214,23.57394665492026,0
223,Eve,New York,280.8066144674794,23.824007843142393,1
224,Charlie,Houston,800.066365573438,2.8467724407783814,0
225,Charlie,Los Angeles,193.77958486289268,22.518147287135093,1
226,Charlie,Phoenix,953.2637404022252,5.869670616493507,1
227,Eve,Los Angeles,690.6133936239371,10.997094234206688,0
228,Charlie,Chicago,223.35260034242287,18.17775733972142,0
229,Charlie,Houston,947.896884584035,4.886902369853567,1
230,Eve,Houston,733.5472487024563,13.591478533303917,1
231,Alice,New York,261.40222616907556,4.459601957423897,1
232,Charlie,Houston,221.17885759380715,2.513666560351039,0
233,Bob,Houston,523.0187067913566,2.7974066983103647,1
234,Alice,New York,35.40609087398626,8.583336836357251,1
235,Eve,New York,215.39537468669832,0.11171608409240363,1
236,Alice,Houston,430.43861406399117,10.196494108840549,1
237,Alice,Houston,380.4282805308833,15.940730521947577,1
238,David,Phoenix,468.9396701211626,9.64051644009573,1
239,Eve,Los Angeles,284.8524192317846,2.059070412476043,0
240,Alice,Phoenix,590.9165029935871,1.504532688567373,1
241,Eve,Phoenix,865.2170498639991,6.674796306356681,1
242,Charlie,Chicago,126.35653740241276,4.063504573046418,0
243,Eve,Houston,522.2053160825731,23.162279357231267,0
244,Alice,Phoenix,140.7474252817018,3.62952539937804,0
245,Eve,Houston,719.6910843806678,19.331098497719918,1
246,David,Phoenix,402.0991057792208,14.066590601787475,0
247,David,Chicago,569.7670987399239,13.662886079623064,0
248,David,Houston,191.44703785193784,12.28993718217083,0
249,Eve,Los Angeles,153.39928174994347,23.322313826734828,1
250,Alice,Chicago,493.175717842465,8.732274602199308,1
251,Charlie,New York,362.05661047145605,18.90997802289303,1
252,Bob,Los Angeles,941.0276258002849,13.32705857920703,1
253,Charlie,Phoenix,767.6720012688957,9.495208023017428,0
254,David,Houston,751.1769836520418,22.93118239933874,0
255,Alice,Houston,904.6825423484742,14.35958326475249,0
256,Eve,Los Angeles,92.58821108759837,2.8540066115043254,1
257,Eve,New York,556.6705452231824,10.020940823924558,0
258,Alice,Houston,588.6313082662111,18.757961464358583,1
259,Alice,New York,962.3170147617567,16.64992855774113,0
260,David,New York,299.22605152462336,21.992167916077783,1
261,David,Chicago,248.42049211629237,6.2250572193964855,1
262,Alice,Los Angeles,109.29100284284284,18.196649192491773,1
263,David,Los Angeles,26.26533329555946,11.037004977468502,0
264,Bob,Los Angeles,930.2340236242686,13.766633927203571,0
265,Eve,Phoenix,673.217381125001,22.921120344150793,1
266,David,Los Angeles,787.3013829029064,23.502871679740256,1
267,David,Houston,288.9128046964096,20.678183134213526,0
268,David,Houston,590.5460645244634,8.61833010552711,0
269,Alice,Los Angeles,73.31571345977132,21.304820057455675,1
270,Bob,Houston,490.7713199752767,15.326620263393913,1
271,David,Chicago,977.7201883470024,10.319922731297115,1
272,Bob,Phoenix,877.7401928634249,0.8578243800116097,1
273,Bob,Phoenix,344.7773623184772,18.483074980597973,0
274,Alice,New York,961.9544529960835,12.050533937378713,1
275,David,New York,239.38461020649248,18.86852398716146,1
276,Bob,Phoenix,949.8256341915246,17.952547184238476,1
277,David,Los Angeles,941.9639276594336,19.045616833160445,0
278,David,Los Angeles,801.2105614788678,7.215627808722404,0
279,Charlie,Chicago,634.1434574981232,19.219166377623143,1
280,Eve,Phoenix,875.5450869586975,13.172311883188016,1
281,David,Houston,300.0900816627188,11.359828810779437,1
282,Alice,Houston,850.454119759789,16.203021931698167,0
283,Eve,New York,621.6979249983485,0.5126083905203593,0
284,Alice,Phoenix,23.104489181310495,2.4556035813022614,1
285,Alice,New York,353.76118275289735,7.012256764020528,0
286,Alice,Chicago,156.6594523386834,23.59176263898815,1
287,Charlie,New York,982.0110959200706,3.3538986927589196,0
288,Eve,Chicago,483.58660396958817,7.934311218221048,1
289,Alice,Phoenix,502.4174518436761,1.2252735526061667,1
290,Charlie,Chicago,643.0777912347363,7.950453127025431,1
291,Eve,New York,374.89876006832134,7.687830876259959,0
292,Alice,Phoenix,145.53126896874295,22.72337210266853,1
293,Alice,New York,823.8965558623031,20.28369808789729,1
294,David,Houston,197.94943278373037,9.186341261826517,1
295,Eve,Los Angeles,516.2057927209914,0.5944573929419681,0
296,Bob,Chicago,232.07385868499188,19.944746735889076,1
297,Alice,Chicago,106.86603964909371,15.852868251468964,0
298,Alice,Los Angeles,863.5696022474665,3.6567476076314334,1
299,Alice,Chicago,973.190294132899,23.905710504244492,1
300,David,Chicago,961.2263114823702,2.405602498178953,0
301,David,Houston,907.4899442289671,20.81074899824791,0
302,David,Phoenix,776.3068593716524,7.0623879391125355,1
303,Eve,Chicago,339.8137005083555,10.448483191803769,1
304,Charlie,Houston,90.2903760881168,19.09095664263155,1
305,Eve,Chicago,413.16875969966924,16.260200543856246,0
306,Charlie,Phoenix,239.91180074923332,22.50874498665694,0
307,Bob,Houston,141.16275841040314,14.907367811049198,0
308,Eve,Chicago,62.89290996895701,2.347443875497266,1
309,Alice,Houston,728.338420568473,21.224648717806808,0
310,Bob,Los Angeles,21.31318403878072,18.459732599726188,0
311,Alice,Chicago,772.8749410177485,17.08489082143973,1
312,Charlie,New York,155.4771789463713,1.2896051364896488,1
313,David,Phoenix,88.7268617608882,9.509345871881855,0
314,Charlie,Chicago,98.70700389621933,4.018459667028941,1
315,Eve,Chicago,675.3273292803754,19.725693801788857,0
316,Bob,New York,252.9135377543163,16.812686947628706,1
317,Bob,Houston,426.3340720132975,21.193862335659247,0
318,Bob,Phoenix,561.7951034106777,23.197802566179934,0
319,Charlie,New York,861.9456620905058,18.593942740619966,0
320,Eve,Phoenix,729.773820084215,23.86159399729829,0
321,David,Chicago,277.6246261863275,14.754477267463173,1
322,Bob,Phoenix,140.16797129821634,0.8911104933947476,1
323,David,Houston,64.82057721698595,0.3420363636071011,1
324,Bob,Los Angeles,308.58264813613306,8.210493004890928,1
325,Bob,Phoenix,269.4969677472815,19.76332125762089,1
326,Charlie,Los Angeles,461.57916113247484,20.787232951793545,0
327,Alice,Houston,686.4485221922037,23.05950069174427,0
328,Bob,New York,698.6691911824686,1.5629152451716415,1
329,Alice,Phoenix,290.683658116345,1.069706663703938,0
330,Charlie,Phoenix,386.1276863411193,21.918806312808808,1
331,Bob,Phoenix,189.339452119534,7.321120760708678,1
332,Eve,Phoenix,790.6600571834535,13.391697614631184,1
333,Bob,Los Angeles,66.2795956689079,23.578677192017036,0
334,Bob,Houston,700.0272693077375,9.61076483366216,1
335,Eve,Los Angeles,780.9084419816924,15.980913559436157,1
336,Eve,Chicago,779.6334862302656,9.621109527167647,1
337,Bob,Chicago,266.8283387019014,18.436671947106714,1
338,David,New York,380.0750065532358,12.66515341374878,1
339,Charlie,New York,591.7236388444252,5.700555311672393,1
340,David,Phoenix,280.09368340022235,6.511346430203189,0
341,Bob,Chicago,377.1442712257098,6.193421100921774,1
342,Alice,Los Angeles,205.08373738378324,12.77568787820546,1
343,Eve,Houston,465.2573249184473,16.876536384375942,0
344,Eve,Chicago,54.16617824157294,22.78271760103541,1
345,Alice,Chicago,801.7979257249118,16.658097001991518,1
346,Charlie,Los Angeles,86.1868825167664,18.748628255097376,0
347,Charlie,Chicago,523.6467973432108,4.054226780749575,1
348,Bob,Los Angeles,313.74199854974415,8.977503000175815,1
349,Bob,Los Angeles,581.7675193430617,9.930725276598386,1
350,Eve,Los Angeles,959.8390074250909,16.47312552001135,1
351,Alice,Los Angeles,649.1145420114439,7.101407433044966,1
352,Alice,Chicago,45.00881139793601,7.279006114071986,0
353,David,Chicago,436.0984151129806,8.541339711380836,0
354,Charlie,Houston,514.9166837950677,19.447249957037574,0
355,Charlie,New York,540.8157197564175,13.86216216104037,1
356,Bob,Houston,684.5785854977995,1.8066547159856272,1
357,Bob,Los Angeles,284.8201367544484,1.8779063925712514,1
358,Charlie,Phoenix,137.571959811657,8.910886662779983,0
359,David,Houston,398.7489197816234,18.398185214547798,1
360,Bob,Phoenix,956.8416655679894,16.528402235488333,0
361,Bob,Phoenix,195.25958283333628,16.99157651162848,1
362,David,Chicago,904.9441153789546,18.413041585298327,1
363,Eve,Los Angeles,548.3678905765531,6.891665109271905,1
364,Charlie,New York,462.34230742930816,13.158150766610111,1
365,Alice,New York,883.2209961275906,13.04046336760247,0
366,Alice,New York,464.0179221509,17.75118002831878,1
367,Alice,New York,726.9259602454279,22.964893658535512,1
368,Alice,New York,405.035068486071,6.671758675091182,1
369,Alice,Phoenix,905.0039489719481,19.038760146169157,1
370,Eve,Phoenix,693.124769989315,15.839293164558299,1
371,Charlie,Phoenix,702.6258337080116,13.925708900723043,1
372,Bob,Los Angeles,334.4431975415477,18.597114704337645,1
373,Alice,Houston,759.2108563095203,22.656779194274385,0
374,David,Chicago,639.7004448926699,0.8805940288659118,0
375,Alice,Phoenix,247.62007064591245,3.537602460317296,0
376,Eve,Los Angeles,168.93343426040386,18.15089355602678,0
377,Charlie,Los Angeles,798.4275597721584,2.010992469842029,0
378,David,Chicago,959.5749370048703,12.386968817786233,1
379,Alice,New York,463.5574389874424,5.276658639398567,0
380,Eve,Los Angeles,595.074323670448,6.583096892226036,1
381,Alice,Houston,859.145417751619,16.84417159066599,1
382,Alice,Houston,462.6512188203185,0.7246265584490788,0
383,David,Houston,952.3557320644088,20.959666269645687,0
384,Eve,Los Angeles,579.9936504244237,10.66749492845448,0
385,Charlie,Los Angeles,822.5594494943018,12.057439053770427,1
386,Eve,Los Angeles,909.755281228611,12.961151128648606,1
387,Charlie,Los Angeles,817.3685805808832,15.493063069907855,0
388,Charlie,Houston,167.82031881446636,8.276558078945953,1
389,Charlie,Chicago,632.6094546710834,2.426579773523792,1
390,Charlie,Chicago,404.4499160334803,7.641094479988237,1
391,Eve,Los Angeles,72.08582250311224,4.035410832547687,1
392,David,Houston,429.79192937094354,13.347196306811373,0
393,Charlie,Chicago,266.0972262205136,7.632687143049275,0
394,Bob,Houston,850.5479253442257,22.993612271842437,0
395,Charlie,Los Angeles,42.97158028122923,23.177622671526734,1
396,Bob,Los Angeles,959.3928946448389,14.883021133637795,1
397,Alice,Phoenix,361.81515998721034,14.819934424014864,1
398,Charlie,Los Angeles,363.13982149851745,23.649085549610543,1
399,Bob,Houston,26.165217656870812,21.29479562964446,1
400,Charlie,Los Angeles,193.3800019838221,18.36167877979536,0
401,Eve,New York,407.2469057955726,7.526174681824829,0
402,David,Phoenix,929.9985031296868,8.772936674833833,0
403,Alice,Los Angeles,108.61878091905861,4.830402378260771,1
404,David,Los Angeles,945.8485181442887,11.69155504601699,1
405,David,Phoenix,870.7936452411659,23.76884453134991,0
406,Eve,New York,459.62077293847625,21.89162287227813,1
407,Bob,Phoenix,333.43387295057744,2.8403864164672576,1
408,Alice,Houston,240.41668798626628,0.6045669429721476,1
409,David,Houston,618.3200594121056,21.567304041798387,1
410,Charlie,New York,42.743845560750565,12.89208307076898,1
411,Bob,Los Angeles,25.450003802359934,4.804557317002948,1
412,Alice,Phoenix,434.5077652732555,16.167678470031248,0
413,David,Chicago,77.393333234973,15.46135627031568,0
414,David,New York,259.42157836363197,2.9300545640752125,1
415,Bob,Phoenix,228.949306192623,6.230405603942868,0
416,Charlie,Phoenix,260.6592817856234,1.441871143518191,1
417,David,New York,139.74467890310518,5.036651372883407,1
418,Eve,Chicago,21.915860668677727,3.175336196473509,1
419,Eve,Houston,124.3294541673606,4.637671019389346,1
420,Bob,Houston,622.2954569176204,16.451211501914806,1
421,Alice,Los Angeles,974.5136506898698,1.1879938622656256,1
422,Bob,Los Angeles,990.4415515452849,2.4445107659571956,1
423,Bob,Houston,414.963554419331,3.2201673138789033,1
424,Alice,Chicago,171.32488178613931,7.596986902995217,0
425,Alice,New York,642.374139792864,7.170007460446582,0
426,Alice,Phoenix,495.4022930832498,6.121530847599346,0
427,Charlie,Los Angeles,989.5156795115871,18.012879682377992,0
428,David,Houston,74.6511650802624,23.952546906194414,1
429,Bob,Phoenix,785.4020939306749,12.8154701670911,0
430,Eve,New York,295.514512358179,22.660865229934608,0
431,Alice,New York,249.00443387580825,9.518642691025551,0
432,Alice,Los Angeles,665.8795258173492,2.5603787232651225,0
433,Alice,Los Angeles,253.6025531410548,9.810571907276096,1
434,David,Chicago,669.2005263835958,7.10706656195264,1
435,Eve,New York,522.1354320302659,11.841767094940275,0
436,Bob,Houston,429.8480985514908,15.769048245994156,1
437,David,New York,559.1409305748048,11.065205259657796,1
438,Charlie,New York,294.18100472043346,22.443852289867813,0
439,Eve,Chicago,709.5089592102491,21.23435573518512,1
440,Eve,New York,420.7083006402284,16.847462283988733,0
441,Charlie,Houston,366.94010488103334,11.752437896749178,1
442,Bob,Chicago,830.3703454101803,3.160494763546965,0
443,Eve,New York,925.7172428336602,9.528328002663201,1
444,Alice,Los Angeles,55.547237778423955,16.905636945628167,0
445,Bob,Phoenix,240.30072290146785,6.837252493289548,0
446,David,New York,355.0341757976376,2.4957138610420904,0
447,Charlie,Houston,816.8168145765449,21.789562980255077,1
448,Alice,Houston,985.6365133668646,17.017219435573068,0
449,Alice,Los Angeles,969.2819876236482,14.766634239242332,1
450,Alice,New York,905.8988620944276,19.019973734614,1
451,David,New York,303.5907024133896,20.055504902003417,1
452,Alice,New York,992.0911309803294,11.60301595610456,1
453,Eve,Houston,256.9258406458867,21.148518033826562,1
454,Alice,Chicago,114.84709333340989,21.994056256826532,1
455,Bob,Chicago,951.4430849448402,6.5172262901947535,0
456,Eve,Los Angeles,241.08605291341533,14.581088634979062,0
457,Alice,Houston,692.870582426973,12.63801669169126,0
458,David,Phoenix,67.77279539078278,12.910698699645659,1
459,Alice,Los Angeles,733.4020081362014,22.50391425514949,1
460,David,Chicago,882.9030102105013,7.324528864632696,1
461,Eve,Phoenix,279.7125265113029,23.60241547762983,0
462,Eve,Los Angeles,385.2663271166543,21.65114915530157,1
463,Eve,Los Angeles,380.55322148770694,11.009349326724063,1
464,Eve,Houston,751.3003749647318,19.61887832683599,0
465,David,New York,245.42917011364847,18.457127863683375,1
466,Bob,Chicago,180.13456805716658,16.26947927084451,1
467,David,Chicago,454.7987322008607,7.676013345195702,0
468,David,New York,311.4237233035463,4.7148238037028944,1
469,Alice,Phoenix,840.7972310360659,16.116664722378196,0
470,Alice,Phoenix,245.36440775548238,20.23135911362602,1
471,David,Phoenix,507.3655629143688,0.3900669282568723,1
472,Charlie,New York,943.157763700951,15.42728100740429,0
473,Bob,Houston,637.6577207672142,10.6289525909331,1
474,Eve,Houston,868.6165114078401,21.554106123047607,0
475,Eve,Los Angeles,940.8075924612197,7.715350340500926,1
476,Eve,Chicago,753.2572132674884,11.380435494326921,1
477,Alice,New York,702.5793096225038,12.354410496844473,0
478,Alice,Houston,968.2859109381848,3.3705485129052715,1
479,Bob,Chicago,994.4567817512026,17.10941526477375,1
480,Bob,Phoenix,457.30346584306204,19.93143228290303,0
481,David,New York,80.16108040236628,1.3898226455102458,0
482,Alice,Chicago,299.86609112611364,6.993331692885666,1
483,Eve,Houston,160.83115863085317,0.9130723568413899,1
484,David,Phoenix,423.31151104805167,22.95705851251782,1
485,Charlie,Los Angeles,139.97643518852348,16.012051696891767,0
486,Charlie,Los Angeles,608.0766259806732,23.140810066914757,1
487,Bob,Los Angeles,388.9799785662756,12.755862679951388,1
488,Alice,Houston,896.4320254453279,19.249644573494734,0
489,Alice,New York,968.1167250805169,8.98593561311376,0
490,Charlie,Chicago,551.4160526527279,8.491656781743382,0
491,Bob,Houston,282.0753341689206,9.078427610523185,0
492,Bob,Chicago,596.3081145742184,15.788691209434276,0
493,Alice,Houston,897.7935466421658,8.626875624519652,1
494,Alice,Phoenix,412.6660123773908,21.608818838501413,1
495,Charlie,Houston,556.5574939250512,23.598596761203726,1
496,Eve,Los Angeles,278.9362399300844,0.7302363680881419,0
497,Bob,New York,460.8897079555267,4.646958969659916,1
498,Alice,Chicago,407.69640002580263,2.693999822097264,0
499,Bob,Phoenix,255.9293304321413,1.0167371301946382,1
500,Eve,Los Angeles,510.8077199870553,5.4657838403348755,1
501,Charlie,Phoenix,317.2770177200133,10.723039688857948,0
502,Eve,Chicago,379.30451524194,20.08776876692841,1
503,Charlie,Houston,529.7207378317216,5.3237767322399066,0
504,Bob,New York,753.0890726996976,11.85468613589283,0
505,David,Los Angeles,340.17239113336257,22.310849746722106,1
506,Bob,New York,924.917178954556,16.0131529628802,0
507,David,Chicago,863.6953613675433,19.15389647414394,1
508,Bob,Phoenix,58.20339301577326,13.22385528445167,1
509,Eve,New York,261.10609901425454,23.531195012175118,0
510,Charlie,Phoenix,451.6741575326099,14.127891712355382,1
511,Bob,New York,113.58160985504935,1.092257135102197,1
512,Alice,Chicago,354.9912291431621,4.751587198555076,0
513,Charlie,Phoenix,742.6965503615056,9.714567094971551,1
514,Eve,New York,683.7093363313976,14.430652141770633,1
515,Bob,New York,626.1605842803448,18.526340817815036,1
516,Charlie,Chicago,713.4231186951222,9.91406702169327,0
517,Alice,Phoenix,212.87445009010474,17.041399320376527,0
518,Charlie,New York,348.2811337160848,18.956868074619,1
519,Bob,Los Angeles,679.4800574546882,7.614244733999587,0
520,Alice,Chicago,880.4424154010138,23.502485760859646,1
521,Bob,New York,548.2412732898142,15.591755885660053,0
522,David,Chicago,289.87265443608123,21.14395345886715,0
523,Charlie,Houston,39.93290542592277,13.342504531406561,1
524,Alice,New York,713.2334606844712,17.798474571655767,1
525,Bob,Los Angeles,17.805262473355974,18.493057478792768,1
526,David,Houston,378.95227912278557,21.797961101629895,0
527,Bob,Chicago,535.231842417154,3.6083941649128874,0
528,Bob,Phoenix,922.8903471495212,13.398802180061963,1
529,Charlie,Phoenix,98.5995995825711,10.28108431454055,0
530,Charlie,Chicago,411.8828987486009,22.155816508169767,0
531,David,Phoenix,34.0700677130562,2.5222726619759808,1
532,Charlie,Phoenix,349.1848744981744,23.581773328341907,0
533,Alice,Los Angeles,626.0087482513969,21.010831778239112,0
534,David,Houston,286.2772687463124,1.7718307575419647,0
535,Charlie,New York,217.65245015907874,11.783193252971387,0
536,Eve,Houston,124.54620099382271,17.22142800510062,0
537,Alice,Chicago,581.3688415801383,17.715637096585354,0
538,Bob,Los Angeles,698.3173058456391,21.7558590057101,1
539,Alice,Chicago,675.2375691898641,19.19677045397546,1
540,Alice,Houston,949.3724105133023,7.462329128258148,0
541,Alice,Los Angeles,12.676181754567672,11.962434860698856,0
542,Eve,Los Angeles,650.7246873550956,16.842858310460496,1
543,Alice,Houston,604.3883147266631,3.322484192744434,1
544,Eve,New York,592.8522138705853,4.655779142404736,0
545,Eve,Houston,963.1426166418399,11.545018754636942,1
546,Charlie,Los Angeles,26.7029566363393,7.157899168932305,1
547,Eve,Los Angeles,699.5176063944356,20.70142199481828,0
548,Eve,New York,815.5418632048448,14.07065571649483,1
549,David,New York,514.7091246553682,8.367964745240824,1
550,Eve,Chicago,340.62522090084104,20.371992614505842,0
551,Alice,Chicago,792.9317615951309,19.317082765301734,0
552,Bob,Los Angeles,106.2704963761004,23.960517050382467,0
553,Eve,Chicago,447.615281352626,20.335384520009637,0
554,Eve,New York,524.7528508251298,9.946956835336312,0
555,Charlie,Chicago,697.016846825202,3.0599731624797233,1
556,Charlie,Chicago,99.97687471208536,20.175381796811468,0
557,Alice,Los Angeles,235.48190652248235,1.4341900310494555,0
558,David,Houston,416.1985470632244,8.4065089762765,1
559,Eve,Houston,627.0617262899293,22.073711538510572,1
560,Bob,Phoenix,888.0911734052434,23.05839536268242,0
561,Eve,Phoenix,622.6379065589628,15.373550244509243,0
562,David,Los Angeles,142.1268562255851,16.527559607609124,0
563,David,Los Angeles,980.7743314594096,1.0189077294125397,1
564,Bob,Houston,873.067877407938,12.347528186149148,0
565,Alice,Los Angeles,507.6935535338708,13.124836291352189,0
566,Eve,New York,923.1245019786667,8.162417906978668,0
567,Eve,Los Angeles,545.9669858195645,1.6463240340932241,1
568,Charlie,Chicago,924.0730072102715,5.493782393385456,0
569,Alice,Los Angeles,831.5983949173097,8.591614484668712,0
570,Bob,Houston,968.6035461913543,10.44340767639191,0
571,Eve,New York,920.5849826703768,14.18224141280566,0
572,David,Phoenix,45.673479254283784,17.337396448757673,1
573,Alice,New York,183.02428411933056,7.623164958574708,1
574,David,New York,395.24333033017393,7.894890238055595,1
575,David,Chicago,952.6212703224666,0.4725994253688892,0
576,Eve,New York,307.0286302811703,0.9809966422564393,1
577,Bob,Los Angeles,168.86296744872504,6.187720663404874,0
578,Bob,Houston,887.4416194256943,17.76587994419896,0
579,Bob,New York,451.93047132837086,15.079531928973893,0
580,Eve,New York,908.7968384107828,18.474936496268032,0
581,Charlie,Los Angeles,168.62816165694184,18.45406646915572,0
582,Bob,New York,664.5063363930185,20.55761922406323,0
583,David,Phoenix,445.8611153011969,17.287662383685205,0
584,David,New York,85.72190133998254,23.49626205601975,0
585,Charlie,New York,699.4985132059755,21.57180526324362,0
586,Alice,New York,254.92476798376217,14.081211989357621,1
587,Eve,Phoenix,49.21936735372255,14.115784091788122,0
588,Eve,Phoenix,69.34485526707752,0.8224089684535079,1
589,David,Phoenix,70.46775169611948,23.964637865000505,1
590,Bob,Phoenix,908.6556279101891,3.157823936787403,0
591,Bob,New York,742.48507865081,17.76833271915821,1
592,Charlie,Los Angeles,899.0817336415977,19.704364682983414,1
593,Alice,Houston,675.8564881835562,8.953308703324877,1
594,Bob,Houston,533.6505297405744,4.72444931196753,1
595,Bob,New York,311.40190070390446,2.3702372829733207,0
596,David,Chicago,997.9826288153868,17.966544139909868,0
597,Bob,Houston,368.5671683499955,10.863684700936696,0
598,Eve,Phoenix,475.94245972177043,17.129226216027256,0
599,Bob,Chicago,384.46272317422716,21.969783572443212,0
600,Bob,Los Angeles,979.731660042104,3.5180096676253605,0
601,Alice,Chicago,182.91180154105572,22.06010401737119,1
602,Eve,Los Angeles,334.70812089899886,9.87903502820248,0
603,Charlie,Chicago,683.5451793548515,7.326408237534937,0
604,Eve,Houston,72.57554215524434,22.633494254466697,1
605,Charlie,Phoenix,611.1768802714256,23.775640622553585,0
606,Alice,Los Angeles,482.87003784765193,4.773413226418755,1
607,Alice,Los Angeles,291.1599769944801,15.7641203268476,1
608,David,Chicago,246.02914811481742,2.5558875305054487,1
609,Alice,Phoenix,519.3676158657692,15.621936092580139,0
610,Bob,New York,374.24830473167094,19.85551746662039,0
611,Eve,Los Angeles,461.9546923500288,16.427965116577624,0
612,Charlie,Phoenix,344.1026079465975,10.015995409502299,0
613,Eve,New York,970.7887566600178,9.19359262953047,1
614,Eve,Los Angeles,142.10503742814797,9.43493796536201,0
615,Eve,Phoenix,105.83591364659046,14.153083631830157,0
616,Eve,Los Angeles,349.9578115030069,21.157614481739895,0
617,Eve,Houston,595.1166318617863,22.297587774450427,1
618,Alice,Phoenix,662.5847071315279,1.2847108849756346,1
619,Eve,Chicago,403.2841796963616,4.358937471496519,1
620,Eve,Chicago,999.2852139829494,2.6933835798789243,0
621,Charlie,New York,358.3740662311122,4.6400313784059355,1
622,Eve,Houston,724.192601280353,8.318587454620122,1
623,Eve,New York,641.2068675854849,12.156760382942972,0
624,Eve,Chicago,814.9233246149861,15.107069448219653,1
625,Bob,Phoenix,976.4634068192818,17.571413259352834,1
626,Bob,Houston,890.8957198810848,21.36267699325937,1
627,Bob,Los Angeles,766.9163546141315,23.73812249351498,0
628,Eve,Los Angeles,701.2659930401077,15.908555485370876,0
629,Alice,Phoenix,342.14318797914063,20.28874844802631,1
630,Bob,Chicago,156.20872242464029,18.672932326192775,0
631,David,New York,72.00964302921167,7.380768941249087,1
632,Bob,Chicago,249.48268715946998,21.01661448563815,1
633,Charlie,Phoenix,437.9586663694856,1.0263153107471723,0
634,Alice,Chicago,526.7763108936826,0.008816250034988649,0
635,Charlie,New York,775.3527185143229,6.569583105323141,1
636,Charlie,New York,959.153513826027,11.090340711058797,0
637,Bob,Houston,126.14727558096291,15.320709480016255,0
638,Charlie,Houston,115.93409879185364,2.442486397069075,1
639,Charlie,Houston,593.7977757834152,16.15224321203616,1
640,Alice,Chicago,747.9440932078201,19.243580809432668,0
641,Bob,Los Angeles,849.668876543515,4.447510069904803,1
642,Alice,Chicago,936.4737594146206,9.963006115963053,1
643,Eve,New York,983.5919798380356,12.479639758879435,0
644,Bob,Houston,405.8036753022806,10.843368434027536,1
645,Charlie,Phoenix,386.5318316922974,19.195918341323296,1
646,Bob,Los Angeles,156.33058993029965,23.05253755486394,0
647,Bob,Chicago,688.0850942967238,19.17487593619632,0
648,Eve,Los Angeles,660.1943388564287,1.8718276290197897,1
649,Alice,Phoenix,863.4419698926952,19.31845373181905,0
650,Bob,Houston,106.28541483976423,1.598311973653228,0
651,Bob,Houston,502.79913874708836,5.66328924579768,0
652,David,New York,585.2711103753425,3.6743255240573474,0
653,Bob,Chicago,249.14146963951922,4.74045856430605,0
654,Alice,New York,177.33515206786967,12.679563049376416,0
655,David,Los Angeles,860.9850280554252,16.120556582660488,1
656,Charlie,Phoenix,67.9495730132032,11.287710776064984,1
657,Charlie,Phoenix,475.91469487889213,23.032695336701845,0
658,Bob,New York,124.67566128787642,5.767015680724,0
659,Alice,New York,462.4881737180537,18.31536552611503,1
660,Bob,Los Angeles,980.1627030788862,20.884372284171565,0
661,Charlie,Houston,429.4692899209181,13.489586658113259,1
662,Bob,Phoenix,858.5536683295217,10.949340047077275,0
663,Bob,New York,126.14240854136195,14.308426722701848,1
664,Charlie,Phoenix,278.5395559942455,10.291434483848231,0
665,Charlie,Houston,409.75481326066114,13.324653175760865,0
666,David,Phoenix,405.81401860923745,10.006414851091238,0
667,David,Houston,674.6696438834516,9.611273047059218,1
668,Alice,Houston,351.2709461017526,16.688315235348718,0
669,Alice,Chicago,716.6291997259162,2.228429113631231,1
670,Charlie,Los Angeles,642.7950302331386,3.9970097454916997,0
671,Alice,Phoenix,405.1695338022254,20.428763321160094,0
672,Alice,Houston,437.44252637777606,18.50585632356451,0
673,David,Phoenix,618.3824228122176,6.754889455065451,0
674,Charlie,New York,79.34176824319819,9.054454383978246,1
675,David,Los Angeles,824.1826709721335,22.22463615908353,0
676,Bob,Los Angeles,656.8869495025006,19.63385340417267,0
677,Charlie,New York,729.0790397736569,14.744311199511142,0
678,Eve,New York,541.5537710715665,5.315764291270986,1
679,Alice,Phoenix,119.37233988182729,1.0620473115664701,1
680,Alice,Chicago,410.9852571639804,10.350188324205556,0
681,Charlie,Phoenix,411.3198470200705,16.143051342179085,1
682,Eve,Phoenix,327.83256014278476,19.883531772428437,0
683,Charlie,Houston,39.65082165570186,20.464536137814463,0
684,Alice,Phoenix,739.8817001705125,0.7866216310407212,0
685,Alice,Los Angeles,118.6866134818757,5.859768812085105,0
686,Charlie,Chicago,610.2450517146343,8.138270123457673,1
687,Bob,New York,706.1853215025436,4.529573063025261,0
688,David,Los Angeles,638.4384597043578,19.271409080732106,1
689,Charlie,New York,959.5508294581953,18.41917831403862,1
690,Bob,Houston,112.26517353428723,12.4039929691433,1
691,Eve,Phoenix,868.4954875141472,23.590235471900534,0
692,Alice,Houston,38.89833250042412,3.4574049861802143,1
693,Alice,New York,539.5676863778132,21.591640879864052,1
694,Charlie,Phoenix,410.2011817598662,2.795118099885988,0
695,Eve,Phoenix,528.9420217898206,3.916360932338897,1
696,Charlie,Houston,371.4488782894097,16.70926080601485,0
697,David,New York,198.66124579066738,2.6296726090005436,0
698,Charlie,Chicago,28.931668474202883,13.58028229004906,1
699,Alice,Houston,522.9683156532626,10.085604875343687,0
700,Alice,Los Angeles,844.3490940579939,17.483375172984356,1
701,Bob,Los Angeles,379.48379618734623,21.616205731412762,1
702,David,Los Angeles,230.63517983483044,18.47691635205733,1
703,Bob,New York,89.72668343712564,20.39255703410852,1
704,David,Los Angeles,94.45781388751632,0.7906907647495771,1
705,Alice,Los Angeles,229.1824818298445,7.444691957860875,1
706,Charlie,Phoenix,109.01392031233964,12.370394080471977,0
707,Alice,Phoenix,272.38930138083725,9.982879551114706,0
708,Bob,Phoenix,75.48796749578517,5.550118871512523,0
709,Bob,New York,74.94881853782638,7.388978351040559,0
710,Charlie,Los Angeles,857.7134178265541,22.690343289398538,1
711,Eve,Houston,170.4990581017449,7.060341116912437,0
712,Alice,Los Angeles,564.0855817652135,8.493698644314858,1
713,Bob,Phoenix,775.7209890045402,0.08903457000044845,1
714,Eve,Los Angeles,461.84546968567594,20.28186305466899,1
715,Eve,Phoenix,161.83518908075226,3.716176881637839,0
716,Alice,Los Angeles,207.6001806989132,4.899462612329425,1
717,Bob,New York,438.6543642183689,6.126348410208614,1
718,Eve,Chicago,532.9517482867504,21.23092936427622,0
719,Bob,Chicago,355.94588912804954,4.954833869911553,0
720,Eve,Los Angeles,783.6648042323147,19.14063266083056,0
721,Alice,Houston,753.5114323678345,19.39318416774971,0
722,Alice,Los Angeles,927.9396892993867,22.2484936508735,1
723,Bob,Los Angeles,38.66302353669093,2.773471526407535,1
724,Alice,Chicago,896.7343782981014,5.214695336107952,0
725,David,Los Angeles,398.64310057752954,17.829559009937313,0
726,Alice,Los Angeles,879.5887704261942,4.704018102737737,1
727,Charlie,Phoenix,693.8769283949642,6.871909124962777,0
728,Alice,Los Angeles,987.4752695032286,4.001797922672703,0
729,Bob,Phoenix,761.6896271995014,4.144720467721183,1
730,Eve,New York,370.8991797368187,11.557280511076936,1
731,David,Houston,506.0525411064046,2.6323934907110047,0
732,Bob,Los Angeles,382.62526364240773,7.720742843126933,0
733,Bob,Phoenix,371.2627176610257,10.238253830373097,1
734,Eve,Phoenix,268.29545438724915,0.5891547965754622,0
735,Eve,Los Angeles,501.0105924197349,9.319995995386861,1
736,Charlie,Chicago,684.9225456186676,2.258938466052407,1
737,Bob,Chicago,284.5668685921911,11.84588474750824,0
738,David,Los Angeles,529.1360129664478,19.81771652537031,1
739,Charlie,Los Angeles,126.2064912288516,19.642131892362894,1
740,Charlie,Chicago,168.2468339856494,1.9307643728976123,0
741,David,Los Angeles,56.338291165066856,14.429466184188485,1
742,Eve,Los Angeles,971.0241283429265,20.030073167309673,0
743,Eve,Chicago,13.821747995158484,5.711341030431248,0
744,Bob,Phoenix,186.79416837707973,18.28623627479038,1
745,Charlie,New York,616.7380855858224,21.378344314802238,0
746,David,Los Angeles,90.55590286477225,19.34697963457066,1
747,David,Chicago,883.077538065864,2.5752247563721085,0
748,David,Los Angeles,722.4239562638653,0.21743998853723756,1
749,Charlie,Los Angeles,966.7260717235145,4.601378638124295,1
750,Alice,Phoenix,512.5591917683572,6.491456182718958,0
751,Alice,New York,307.3996463269023,14.788391774783028,0
752,Bob,Los Angeles,554.0055670673187,9.222556205815643,0
753,Charlie,New York,931.5105301249935,16.88176873587536,0
754,Charlie,Chicago,525.5538228694419,8.473799052518606,1
755,Alice,Chicago,274.53496154369543,3.706210191710407,1
756,Eve,Houston,878.6248012823784,7.504556243664843,0
757,Alice,Phoenix,378.1995610273367,21.22378143333924,1
758,Charlie,Chicago,11.369516499009148,23.004776261881556,1
759,David,Los Angeles,255.2081722673928,4.980305617616843,1
760,Charlie,Los Angeles,325.0511740852918,18.923241288586592,0
761,Bob,Chicago,860.1896935495831,6.560369676956896,1
762,Alice,Houston,463.91813539578055,21.29115704235378,1
763,Bob,Phoenix,450.1414149331877,3.973094707110131,1
764,Alice,Houston,342.74124373588853,15.983038048657367,0
765,Alice,New York,881.8713418166088,2.0210703531163805,0
766,Bob,Phoenix,945.5765091709875,23.37343977537287,0
767,Bob,Phoenix,991.9714258630831,16.81520027137303,0
768,David,Los Angeles,382.9738542913769,20.203577745722047,1
769,Bob,Phoenix,966.4859711708997,13.600064144712828,0
770,Eve,Phoenix,793.9607739345923,11.443232734292645,1
771,Charlie,Los Angeles,678.9322561678241,14.925177393464761,1
772,David,Phoenix,252.44058462589842,12.689796280786753,0
773,Alice,Houston,224.29268833476772,11.26522452348367,1
774,Eve,Phoenix,174.3873462760332,18.226806034983426,0
775,Bob,Chicago,923.5290441231117,4.276822918542435,0
776,Bob,Phoenix,301.13589575933446,4.108129155723804,0
777,Eve,Phoenix,458.56330299438963,10.364223615592948,1
778,Charlie,New York,499.0182556473512,7.697949985078704,1
779,Eve,New York,780.3898794957516,1.7789884299125784,1
780,Alice,Houston,845.7926119374939,20.267291818049625,1
781,Eve,New York,147.68197413712667,18.518467360664395,0
782,David,Houston,432.63531660896297,13.054115995271633,1
783,Eve,New York,844.4263389571025,23.503788894344854,1
784,Eve,New York,819.85297269828,1.7424015971425275,0
785,Alice,Los Angeles,111.38962086789223,18.400063224669,0
786,Alice,Houston,164.8195153792834,6.3928893986183235,1
787,Charlie,Phoenix,311.15670468341375,8.846374078645809,0
788,Alice,New York,84.60547839250694,5.262705244873621,0
789,Alice,Houston,430.416372812187,18.936909395084765,1
790,Alice,Phoenix,116.54152809808609,3.461762448517584,0
791,Eve,New York,572.5354177331466,20.160400745646673,0
792,Eve,Chicago,254.09137041304456,15.877863557516013,1
793,Alice,Phoenix,600.4687346961265,1.4165578864587536,0
794,Bob,New York,126.35038647460128,19.463561558403683,1
795,Alice,New York,976.125029734348,15.066137187911506,1
796,Alice,Phoenix,933.235591818767,21.719575669880197,1
797,Charlie,Houston,397.8789691790191,17.969335353807317,1
798,Alice,Los Angeles,249.7568081848246,13.466902258314596,1
799,Alice,New York,257.89423072503706,20.077132334860746,1
800,Charlie,Houston,488.5595998503681,6.673205719229331,1
801,Alice,Chicago,49.5928738817098,13.126801484269528,0
802,Alice,Phoenix,643.3080550143757,7.0468036752818435,1
803,David,Houston,414.2198792563474,23.23690538617221,1
804,Charlie,Houston,383.63250686299847,5.428711220208153,0
805,Charlie,Houston,811.2713217743064,0.37771775209110015,0
806,David,Los Angeles,711.9451055814571,7.820516208091109,1
807,Charlie,Los Angeles,954.7904772387651,12.060225527275312,1
808,Bob,Chicago,358.4168780907338,0.6807104215218018,0
809,Eve,New York,898.5673370029115,13.421959200813777,1
810,Eve,Los Angeles,772.267514387588,20.982786598829524,1
811,Charlie,Los Angeles,363.8504050787659,16.913572666000082,1
812,Eve,Los Angeles,625.4487820887252,14.951239751479303,1
813,Alice,Los Angeles,295.6842580751786,22.94308201699803,0
814,Alice,Chicago,875.6559179040939,22.99870401221054,1
815,Bob,Houston,121.30304404018814,19.782395272877487,1
816,David,Phoenix,220.31001768110062,14.585804337260424,0
817,Eve,Phoenix,191.20295915912192,11.70634942794496,0
818,Bob,Houston,408.99574238024576,0.3195867179152154,0
819,Eve,New York,747.7806304318078,14.550285749436995,0
820,Alice,Chicago,531.6383745616586,23.73811380856449,0
821,Bob,Chicago,492.79956030282545,19.634425200576697,0
822,Bob,Los Angeles,10.540505248025697,8.174511453224447,0
823,David,Houston,431.1477081015042,3.6491286010661286,1
824,Alice,Los Angeles,72.91823708779685,18.8174067472117,0
825,Bob,Phoenix,216.170719600269,17.854507695161796,0
826,Alice,Phoenix,933.0699995708894,23.209123007503756,0
827,Alice,Houston,223.2442222998058,20.99621668654413,1
828,Charlie,Phoenix,859.7542622479199,13.335903006537777,0
829,Charlie,Chicago,804.8644378457209,2.4308219271538114,1
830,David,Los Angeles,167.5547745728204,11.604015801215041,0
831,Alice,Chicago,609.654837697576,7.528681296535608,0
832,Charlie,Houston,124.50525318596318,12.297803568596155,1
833,Eve,Houston,730.6092767858164,7.240837791351677,1
834,Alice,Phoenix,641.0876545984845,20.683751807414296,0
835,Bob,New York,813.8191760741091,20.26384833558773,0
836,Alice,New York,484.5907038952962,7.571163772009342,0
837,Bob,Houston,915.7144569550491,14.389952312975879,0
838,David,Chicago,58.85545732055531,10.3243405833373,1
839,Charlie,Los Angeles,299.95967937674453,21.818226168685516,1
840,Eve,New York,717.9020714905154,4.496661634231747,0
841,Charlie,New York,423.9281196305209,16.745481642839025,0
842,Bob,Chicago,181.22184072844482,23.289007868093197,0
843,David,Houston,116.13863797426056,4.206612469514164,0
844,Bob,Phoenix,819.1657203470052,4.847194282180877,1
845,David,Chicago,478.4115486809878,16.64936012813347,1
846,David,Houston,883.4608351999163,18.699694188597935,0
847,Eve,Los Angeles,735.9562429735588,11.773177315054387,0
848,Eve,Houston,415.62894357443616,14.632475163530913,0
849,Charlie,Phoenix,379.7759040141268,5.10437781148389,0
850,Eve,Houston,520.4819631847392,11.438741485615825,1
851,Bob,Houston,890.1693536578314,2.6897251409979637,1
852,Bob,Chicago,739.9057939170262,7.714126206615953,0
853,David,Phoenix,15.101434626332999,6.834712920742903,0
854,Charlie,Phoenix,697.2162728554343,10.67100864245808,1
855,Charlie,New York,920.3123328367625,22.323032693848727,0
856,Charlie,New York,713.3512019094467,4.350423891548218,0
857,David,Los Angeles,185.23572375182096,9.633317918993292,1
858,Eve,Los Angeles,488.6829461531841,14.774333258631472,0
859,Alice,Phoenix,148.91285774418523,22.71737006577604,0
860,Bob,Houston,365.40532555623577,3.1955565968584363,1
861,David,New York,937.7458715211126,22.029038807834723,1
862,Bob,Los Angeles,924.0722544831212,1.945290927217477,0
863,Eve,Phoenix,290.00848365432205,11.537793531846347,0
864,Eve,Houston,346.2347337245372,10.910156813531586,0
865,David,Chicago,604.210739449981,5.030465493052693,0
866,David,Houston,963.5653223077762,8.33903203478034,0
867,Alice,New York,156.3233207247365,10.899966440361554,0
868,Charlie,Houston,264.3474772498024,20.7650751098551,1
869,Alice,New York,874.8212590178638,22.921539488965436,0
870,David,Chicago,496.97330939126107,12.454216287291965,0
871,Alice,Houston,899.9714813047614,20.882394967066126,1
872,Bob,Chicago,193.6627185479445,14.596118056242705,0
873,Eve,New York,537.3419015966471,8.37809620770421,0
874,Eve,New York,333.00693632287863,4.6606609827232575,1
875,Alice,New York,323.37713429355125,9.915234522786356,0
876,Charlie,Phoenix,452.40819430673713,12.547782790172345,0
877,David,New York,438.74667461025575,1.0666413182293484,0
878,Eve,Los Angeles,363.77341088117487,3.5001879809004173,1
879,Alice,Houston,915.8210626124624,14.40442617555456,1
880,David,Phoenix,734.4267435785638,5.40003827225189,0
881,Eve,Chicago,730.2715214182143,20.095833025951137,1
882,Alice,Chicago,297.0143150960359,7.846613994580575,0
883,David,Los Angeles,581.932330073672,2.516020974078021,1
884,Charlie,Houston,781.3876389688157,2.0047341253276088,0
885,Alice,Los Angeles,797.6344648577809,22.490952492762712,0
886,Alice,Houston,351.0851561467691,2.8324874698051,1
887,Alice,Chicago,773.1640290029613,3.3818343398894406,1
888,Eve,Los Angeles,738.5349578396557,20.703985390386073,1
889,Charlie,Chicago,150.09142076568128,6.102915126656256,1
890,Charlie,Houston,867.2860138808124,15.982833858105987,1
891,Alice,Los Angeles,446.9082554786067,19.60141648871739,0
892,Alice,Los Angeles,491.54634439977883,14.572335363124612,1
893,Charlie,Phoenix,453.88548710901733,22.979725042748385,1
894,David,Phoenix,572.1675414627324,17.013189582260193,1
895,Alice,Houston,624.9575548933841,2.7060362376878,1
896,Charlie,Houston,503.19777010531396,13.401840637101117,0
897,Eve,Los Angeles,868.1206578265046,17.236476626140412,0
898,Charlie,Phoenix,631.4574086333315,19.246973768962683,1
899,David,Houston,407.4136698124648,0.6317120468181967,1
900,Alice,Los Angeles,422.52483933962384,17.253093966514186,0
901,Charlie,Houston,812.7302289776619,19.816339704466788,0
902,Bob,New York,354.7100233190549,17.924011462448554,0
903,Alice,Phoenix,219.34024782458943,12.296379495734353,0
904,Alice,Houston,68.78935612573133,10.99250311413127,0
905,Bob,Chicago,877.2665794413684,13.186045999195581,0
906,Alice,Los Angeles,919.3609866784465,16.91144877183845,1
907,Eve,Los Angeles,128.91898034184123,22.14994297517965,1
908,Eve,Phoenix,341.1290040811537,14.808845055387,1
909,David,Phoenix,183.61834882009143,21.30802335080327,0
910,David,Los Angeles,124.73948413762093,16.830164338697458,1
911,Charlie,Houston,900.8680755700299,1.6400730585323418,1
912,Charlie,Phoenix,66.3084865539019,12.019876560038924,1
913,Eve,Phoenix,980.6808068343167,6.875672359565816,0
914,Alice,Los Angeles,105.48635209041034,6.844198275181735,0
915,Bob,Los Angeles,864.8359427016499,8.54226122918362,0
916,Eve,Houston,570.8410459192711,7.553586528011419,1
917,David,Los Angeles,374.23831293969465,13.886639522810405,0
918,David,New York,348.9189528589063,16.406436008485368,1
919,David,Houston,759.7905018053316,6.449985289841651,1
920,Bob,Chicago,321.42756205424433,3.114302941641152,1
921,David,Houston,660.7457274509704,1.4114093024270904,0
922,David,New York,522.1528226809193,13.818068280733254,0
923,Charlie,Chicago,490.1159887064898,4.467123991992057,1
924,Alice,Houston,902.15054894267,0.22195186136878498,1
925,Alice,Los Angeles,559.098608034057,22.2660739037689,1
926,Bob,Chicago,828.592987018208,12.891370057997776,1
927,David,Phoenix,728.3177987604745,2.2187563259273464,0
928,Charlie,Los Angeles,48.17167359840837,20.230106691059646,0
929,Alice,Houston,775.3789519803651,23.59686571896283,1
930,Bob,Los Angeles,224.70154759013025,10.766415888425213,0
931,Charlie,Los Angeles,904.1181503830558,1.0197505977157961,1
932,David,Los Angeles,52.49494870274369,2.821102578145524,0
933,Bob,Phoenix,339.7413141295756,9.159689919490372,1
934,Charlie,Los Angeles,108.73561776240648,21.25254329877305,1
935,Alice,Phoenix,480.8332259139953,3.552928302666289,1
936,Eve,Houston,821.8222115110542,19.77576225606469,1
937,Alice,New York,305.2054860664334,0.3594302452564664,0
938,Eve,Phoenix,159.4255483379312,10.977328770859465,0
939,Bob,Los Angeles,336.9643653399302,15.465531382813634,1
940,Charlie,Phoenix,815.7413405014296,1.4491075686143136,0
941,Charlie,Chicago,148.9801182213534,14.75430601479568,1
942,Charlie,Houston,235.0888245867268,22.665698915269346,0
943,David,Los Angeles,78.16344484844021,3.8462380832782816,1
944,Alice,Chicago,708.6529435497116,17.510673192848465,0
945,Eve,Chicago,401.28091110097347,14.618253550645042,1
946,David,Phoenix,317.73157737188285,4.442793333101533,1
947,Bob,Chicago,721.4401264377404,0.14888195302478469,1
948,Bob,Los Angeles,342.6177669168527,0.22282681214224986,1
949,David,Chicago,730.4935604822739,12.770217820128686,1
950,Eve,Chicago,817.0474013611704,22.626705829468644,0
951,Bob,Phoenix,225.48621502316107,15.463167059174697,0
952,Alice,Los Angeles,974.0805098775235,17.14319631104985,1
953,Bob,New York,170.7343684335401,11.85277168609289,1
954,Eve,Houston,297.93249759017516,13.965334623229676,0
955,Alice,New York,187.9973379252062,3.0328206079344833,1
956,David,New York,352.0505997927711,21.04369488961514,1
957,Eve,Los Angeles,485.26027894254804,18.259023088003246,1
958,Alice,Los Angeles,526.9541103120979,23.956774868270628,1
959,Alice,Chicago,855.0699818733093,7.145350741334912,1
960,Alice,Houston,890.5534297277079,5.448426523105389,0
961,Eve,Phoenix,227.90282217309732,3.0038797910722304,1
962,Charlie,Los Angeles,626.665091863895,23.141034158785075,0
963,Bob,Los Angeles,120.38109672572844,18.741244431072566,1
964,Charlie,Chicago,464.3801615802476,3.9917907292713286,0
965,Bob,Houston,329.11020266615196,13.264475306597134,1
966,Eve,Phoenix,323.3357379990703,9.930436993614641,0
967,Bob,Houston,487.75839929498,3.6356641873486275,0
968,Eve,Houston,732.5293591739749,3.8897516407191715,0
969,Alice,Chicago,78.4908322044656,23.123279873884456,1
970,David,New York,880.3816043105304,7.319140390985333,0
971,Charlie,Los Angeles,737.4656368842554,22.59454300041464,0
972,Charlie,New York,184.73439500016954,1.8146561535620256,0
973,Eve,New York,939.7692999964967,11.059273015036574,0
974,Bob,New York,511.24910178315474,3.1108571644022422,0
975,Bob,Chicago,999.8104923357956,0.1148972457881321,0
976,David,Phoenix,205.28687955773026,13.290385768945837,1
977,Alice,Houston,539.5591163993694,2.733458515472722,0
978,Bob,New York,297.34556213432916,17.328588742408314,0
979,Bob,Phoenix,311.1318218153541,16.75479301696559,1
980,Alice,Chicago,595.1547270256502,4.23198977914774,0
981,David,Phoenix,922.5018762021249,22.6018114383724,1
982,Bob,Chicago,807.2112170233833,17.30504180237975,0
983,Eve,Houston,726.7019845163127,7.151286339766319,1
984,Alice,Los Angeles,563.5820442806852,17.021610334818973,0
985,Bob,Los Angeles,923.0755186307732,17.566326664356865,0
986,David,Houston,497.43779262397527,8.213431950023054,1
987,Charlie,Chicago,875.093856551371,9.014125499075021,0
988,Eve,Los Angeles,835.6418274378655,8.618556183679203,0
989,Eve,New York,221.6969933335707,14.798842645249778,1
990,Eve,Chicago,773.5132083362511,21.609843516964304,0
991,Eve,Los Angeles,22.049445373826178,4.156637669486103,0
992,Charlie,Los Angeles,329.60124217260665,21.00479063607164,0
993,Charlie,New York,237.2717702450303,0.66367575612822,0
994,Charlie,Houston,511.7943289024403,15.848126303477338,0
995,Charlie,Los Angeles,739.4846300639776,9.94653295655266,1
996,David,New York,106.69960377324688,18.99075725357985,1
997,Bob,Phoenix,519.7729799174008,17.30875471034167,1
998,Charlie,Houston,939.0279014774418,11.522587371484416,1
999,Charlie,Chicago,236.36008547311604,15.452736881342322,1
1000,David,Houston,680.3697326703099,12.042555136798686,1
